{
    "loss": 5.464205265045166,
    "accuracy": 0.6333333253860474
}