{
    "loss": 4.7376813888549805,
    "accuracy": 0.6333333253860474
}